{"accuracy": 0.499, "precision": 0.5059920106524634, "recall": 0.4996712689020381, "roc_auc": 0.4989904687985512}